case_id,party_role,party_name,country,screening_status
ST-IMP-2026-0001,Applicant,Asteron Engineering Private Limited,IN,CLEAR
ST-IMP-2026-0001,Beneficiary,Nordhavn Tools A/S,DK,CLEAR
ST-IMP-2026-0001,Vessel,MV Lumen Star,PA,CLEAR
ST-IMP-2026-0002,Applicant,Orchid BioPack Limited,IN,CLEAR
ST-IMP-2026-0002,Beneficiary,Vesper Commodities FZE,AE,REVIEW
ST-IMP-2026-0002,Vessel,MV Meridian Halo,PA,REVIEW
ST-EXP-2026-0003,Exporter,Mistral Textiles India Private Limited,IN,CLEAR
ST-EXP-2026-0003,Buyer,Albatross Home GmbH,DE,CLEAR
ST-COL-2026-0004,Drawer,Cedar Foods Exports Private Limited,IN,CLEAR
ST-COL-2026-0004,Drawee,Rivermark Grocers LLC,OM,CLEAR
ST-BG-2026-0005,Applicant,Helix Infraworks Limited,IN,CLEAR
ST-BG-2026-0005,Beneficiary,Saffron Metro Development Corporation,IN,CLEAR
