case_id,source,item_no,goods_description,quantity,uom,unit_price,currency,line_amount
ST-IMP-2026-0001,LC,1,CNC spindle bearings,50,EA,1700.0,USD,85000.0
ST-IMP-2026-0001,Invoice,1,CNC spindle bearings,50,EA,1700.0,USD,85000.0
ST-IMP-2026-0002,LC,1,Bio-polymer packaging resin,100,MT,1200.0,USD,120000.0
ST-IMP-2026-0002,Invoice,1,Bio-polymer packaging resin,105,MT,1200.0,USD,126000.0
ST-IMP-2026-0002,Packing list,1,Bio-polymer packaging resin,105,MT,1200.0,USD,126000.0
ST-EXP-2026-0003,LC,1,Organic cotton bed linen sets,3500,SET,21.0,EUR,73500.0
ST-EXP-2026-0003,Invoice,1,Organic cotton bed linen sets,3500,SET,21.0,EUR,73500.0
ST-COL-2026-0004,Invoice,1,Dehydrated mango slices,8500,KG,5.0,USD,42500.0
ST-BG-2026-0005,Guarantee,1,Metro platform civil works performance guarantee,1,LOT,25000000.0,INR,25000000.0
